nan,nan,nan,nan,nan
nan,nan,8.000000000000000000e+01,7.300000000000000000e+01,5.400000000000000000e+01
nan,nan,1.000000000000000000e+02,1.000000000000000000e+02,9.100000000000000000e+01
nan,nan,9.000000000000000000e+01,7.500000000000000000e+01,7.800000000000000000e+01
nan,nan,4.500000000000000000e+01,5.500000000000000000e+01,5.900000000000000000e+01
